{
    "Accuracy": 0.9210812149935372,
    "F1-micro": 0.9210812149935372,
    "F1-macro": 0.8618253262785093,
    "F1-weighted": 0.9413887870699942,
    "F1-NA": 0.9558542989930288,
    "F1-Biomarker": 0.8834500287521564,
    "F1-Therapeutic": 0.7863716510903427
}